JAHR;GKZ;Preis
2016;20101;123
2016;20201;125,6
2016;20302;43,1
2016;20305;60,9
2016;20306;43,1
2016;20307;70,5
2016;20316;43,1
2016;20320;43,1
2016;20321;43,1
2016;20402;63,2
2016;20403;35,6
2016;20405;52,1
2016;20409;46,5
2016;20412;94,7
2016;20414;57,9
2016;20415;145,6
2016;20416;35,6
2016;20417;70,1
2016;20418;88,2
2016;20419;145,7
2016;20421;65,3
2016;20424;159,1
2016;20425;45,7
2016;20428;29,2
2016;20432;60
2016;20435;65,3
2016;20441;29,2
2016;20442;46,5
2016;20501;56,2
2016;20502;38,9
2016;20503;40,7
2016;20504;38,9
2016;20505;45
2016;20506;40,7
2016;20508;39,2
2016;20509;47
2016;20511;47
2016;20512;38,9
2016;20513;38,9
2016;20515;47
2016;20518;40,7
2016;20519;47
2016;20520;39,7
2016;20523;64,1
2016;20527;90,3
2016;20530;39,7
2016;20531;40,7
2016;20534;71,8
2016;20601;117,4
2016;20602;52,2
2016;20603;43,3
2016;20604;43,3
2016;20605;45,2
2016;20607;45,2
2016;20608;39,9
2016;20609;38,9
2016;20610;45,2
2016;20611;43,3
2016;20613;38,9
2016;20616;52,2
2016;20618;45,2
2016;20619;45,2
2016;20620;116,6
2016;20622;45,2
2016;20624;37,2
2016;20625;43,3
2016;20627;37,2
2016;20630;58,8
2016;20631;45,2
2016;20632;39,9
2016;20633;38,9
2016;20634;91,6
2016;20635;72,2
2016;20636;45,2
2016;20637;38,9
2016;20638;39,9
2016;20639;263
2016;20640;45,2
2016;20642;39,9
2016;20643;52,3
2016;20644;37,2
2016;20701;44,7
2016;20702;45,5
2016;20703;36,8
2016;20705;47,2
2016;20707;47,2
2016;20708;44,7
2016;20710;44,7
2016;20711;74,6
2016;20712;44,7
2016;20713;35
2016;20719;47,2
2016;20720;44,7
2016;20721;40,9
2016;20722;40,9
2016;20723;44,7
2016;20724;68,6
2016;20725;58,8
2016;20726;44,7
2016;20727;59,5
2016;20801;23,3
2016;20802;34,6
2016;20803;33,3
2016;20804;17,9
2016;20805;22,6
2016;20806;29,2
2016;20807;17,9
2016;20808;34,6
2016;20810;34,6
2016;20812;34,6
2016;20813;57,1
2016;20815;17,9
2016;20817;36,6
2016;20901;39,9
2016;20905;39,9
2016;20909;17,1
2016;20911;39,9
2016;20912;39,9
2016;20913;36,7
2016;20914;26,4
2016;20918;32
2016;20923;59,5
2016;21001;59,7
2016;21002;57,2
2016;21003;29
2016;21004;46
2016;21005;46
2016;21006;230,5
2016;21007;109,6
2016;21008;36,8
2016;21009;65,6
2016;21010;36,8
2016;60101;233,1
2016;60305;35,3
2016;60318;81,4
2016;60323;23,5
2016;60324;40,6
2016;60326;39,3
2016;60329;25,6
2016;60341;34,2
2016;60344;55,6
2016;60345;25
2016;60346;35,3
2016;60347;23,5
2016;60348;46,1
2016;60349;35,3
2016;60350;40,9
2016;60351;23,5
2016;60608;115,5
2016;60611;90,9
2016;60613;78,6
2016;60617;120
2016;60618;75
2016;60619;102,2
2016;60623;129,2
2016;60624;94,1
2016;60626;63,5
2016;60628;76,4
2016;60629;97,8
2016;60632;78,6
2016;60639;65,9
2016;60641;65,9
2016;60642;83,5
2016;60645;45,6
2016;60646;169,8
2016;60647;65,9
2016;60648;105,7
2016;60651;68,7
2016;60653;85,2
2016;60654;86
2016;60655;67,9
2016;60656;67,9
2016;60659;68,7
2016;60660;69,5
2016;60661;58,3
2016;60662;85
2016;60663;68,7
2016;60664;98,6
2016;60665;75
2016;60666;48,3
2016;60667;96,9
2016;60668;36,6
2016;60669;133,4
2016;60670;99,3
2016;61001;60,4
2016;61002;19,9
2016;61007;32
2016;61008;24,2
2016;61012;60,2
2016;61013;28,2
2016;61016;30,4
2016;61017;38
2016;61019;31,5
2016;61020;61
2016;61021;46,9
2016;61024;19,9
2016;61027;40,7
2016;61030;31,5
2016;61032;19,9
2016;61033;42,6
2016;61043;52,6
2016;61045;77,2
2016;61049;34,8
2016;61050;34,8
2016;61051;31,5
2016;61052;44,1
2016;61053;87,7
2016;61054;25,3
2016;61055;40,7
2016;61056;24,2
2016;61057;24,2
2016;61058;31,3
2016;61059;60,4
2016;61101;28,8
2016;61105;28,8
2016;61106;49,6
2016;61107;36,4
2016;61108;75,2
2016;61109;28,8
2016;61110;49,6
2016;61111;49,6
2016;61112;28,8
2016;61113;47,2
2016;61114;49,6
2016;61115;36,4
2016;61116;49,6
2016;61118;28,8
2016;61119;28,8
2016;61120;49,6
2016;61203;56,4
2016;61204;126,7
2016;61205;44,7
2016;61206;44,7
2016;61207;126,7
2016;61213;80,7
2016;61215;126,7
2016;61217;131,7
2016;61222;56,4
2016;61236;204,9
2016;61243;41,9
2016;61247;41,9
2016;61251;28,8
2016;61252;56,4
2016;61253;44,7
2016;61254;80,7
2016;61255;76,1
2016;61256;41,9
2016;61257;68,3
2016;61258;28,8
2016;61259;90,5
2016;61260;80,7
2016;61261;65,9
2016;61262;44,2
2016;61263;41,9
2016;61264;44,7
2016;61265;240,2
2016;61266;44,2
2016;61267;56,4
2016;61410;35,1
2016;61413;48,2
2016;61425;33,9
2016;61428;33,9
2016;61437;33,9
2016;61438;99,7
2016;61439;35,1
2016;61440;48,2
2016;61441;33,9
2016;61442;122,6
2016;61443;35,1
2016;61444;48,2
2016;61445;122,6
2016;61446;48,2
2016;61611;48,4
2016;61612;47
2016;61615;47
2016;61618;65,8
2016;61621;48,4
2016;61624;46,5
2016;61625;75,6
2016;61626;58,9
2016;61627;27,9
2016;61628;23,9
2016;61629;27,9
2016;61630;23,9
2016;61631;52,9
2016;61632;52,9
2016;61633;48
2016;61701;66
2016;61708;29,5
2016;61710;31
2016;61711;26,7
2016;61716;19,7
2016;61719;59,7
2016;61727;64,8
2016;61728;24,6
2016;61729;45,6
2016;61730;73,5
2016;61731;46,7
2016;61740;31
2016;61741;29,5
2016;61743;29,5
2016;61744;29,5
2016;61745;26,7
2016;61746;38,2
2016;61748;32,1
2016;61750;24,6
2016;61751;46,7
2016;61756;29,5
2016;61757;24,6
2016;61758;26,7
2016;61759;19,2
2016;61760;59,7
2016;61761;46,7
2016;61762;19,8
2016;61763;34,7
2016;61764;31,5
2016;61765;35,9
2016;61766;94,9
2016;62007;45,9
2016;62008;43,1
2016;62010;79,5
2016;62014;45
2016;62021;20,2
2016;62026;28,4
2016;62032;46
2016;62034;43,1
2016;62036;42,7
2016;62038;46,3
2016;62039;49,4
2016;62040;60,4
2016;62041;79,5
2016;62042;33
2016;62043;36,4
2016;62044;20,2
2016;62045;40
2016;62046;35,2
2016;62047;59,4
2016;62048;47,6
2016;62105;43
2016;62115;46,7
2016;62116;54,8
2016;62125;43
2016;62128;81,3
2016;62131;47,7
2016;62132;43
2016;62135;26,6
2016;62138;38,2
2016;62139;77,9
2016;62140;56
2016;62141;57,1
2016;62142;49,3
2016;62143;54,8
2016;62144;31,3
2016;62145;45,6
2016;62146;81,6
2016;62147;25,5
2016;62148;25,5
2016;62202;20,3
2016;62205;19,3
2016;62206;20,3
2016;62209;19,3
2016;62211;25,7
2016;62214;25,2
2016;62216;15,9
2016;62219;46
2016;62220;37,1
2016;62226;24,1
2016;62232;13,7
2016;62233;28,4
2016;62235;26
2016;62242;22,4
2016;62244;23,2
2016;62245;22,4
2016;62247;24,3
2016;62252;25,1
2016;62256;26,6
2016;62262;22,4
2016;62264;33,4
2016;62265;25,7
2016;62266;17,5
2016;62267;30,1
2016;62268;24,5
2016;62269;18,3
2016;62270;15,9
2016;62271;28
2016;62272;26,6
2016;62273;25,1
2016;62274;20,3
2016;62275;25,9
2016;62276;18,4
2016;62277;22,8
2016;62278;22,4
2016;62279;22,4
2016;62311;16
2016;62314;16
2016;62326;20,8
2016;62330;10,9
2016;62332;17,2
2016;62335;20,8
2016;62343;10,9
2016;62347;17,1
2016;62368;20,8
2016;62372;20,5
2016;62375;23,6
2016;62376;18,9
2016;62377;10,9
2016;62378;20,5
2016;62379;33,6
2016;62380;17,1
2016;62381;26,9
2016;62382;23,5
2016;62383;20,5
2016;62384;24,4
2016;62385;26,9
2016;62386;17,5
2016;62387;17,2
2016;62388;10,9
2016;62389;24,4
2016;62390;12,7
2017;20101;149
2017;20201;108,5
2017;20302;38,2
2017;20305;58,8
2017;20306;38,2
2017;20307;67
2017;20316;38,2
2017;20320;38,2
2017;20321;38,2
2017;20402;62,5
2017;20403;39,8
2017;20405;56,9
2017;20409;46,1
2017;20412;95,7
2017;20414;60,8
2017;20415;156,6
2017;20416;39,8
2017;20417;73,4
2017;20418;90
2017;20419;201,3
2017;20421;73,6
2017;20424;169,5
2017;20425;47,3
2017;20428;29,2
2017;20432;58,9
2017;20435;73,6
2017;20441;29,2
2017;20442;47,1
2017;20501;54,3
2017;20502;39,8
2017;20503;27,6
2017;20504;39,8
2017;20505;40,8
2017;20506;27,6
2017;20508;40,3
2017;20509;44,9
2017;20511;44,9
2017;20512;39,8
2017;20513;39,8
2017;20515;47,4
2017;20518;27,6
2017;20519;44,9
2017;20520;42,4
2017;20523;67,4
2017;20527;78,4
2017;20530;42,4
2017;20531;27,6
2017;20534;69,6
2017;20601;142,6
2017;20602;53,1
2017;20603;46,6
2017;20604;46,6
2017;20605;45,8
2017;20607;45,8
2017;20608;37,1
2017;20609;42,2
2017;20610;45,8
2017;20611;46,6
2017;20613;42,2
2017;20616;53,1
2017;20618;45,8
2017;20619;45,8
2017;20620;113,4
2017;20622;45,8
2017;20624;31,2
2017;20625;46,6
2017;20627;31,2
2017;20630;56,3
2017;20631;45,8
2017;20632;37,1
2017;20633;42,2
2017;20634;88,6
2017;20635;81,8
2017;20636;45,8
2017;20637;42,2
2017;20638;37,1
2017;20639;180,5
2017;20640;45,8
2017;20642;37,1
2017;20643;53,7
2017;20644;31,2
2017;20701;45,1
2017;20702;51,4
2017;20703;38,2
2017;20705;44,1
2017;20707;44,1
2017;20708;45,1
2017;20710;45,1
2017;20711;73,4
2017;20712;45,1
2017;20713;33,8
2017;20719;44,1
2017;20720;45,1
2017;20721;51,3
2017;20722;36,9
2017;20723;45,1
2017;20724;69
2017;20725;61,6
2017;20726;45,1
2017;20727;58,9
2017;20801;25,7
2017;20802;26
2017;20803;35,4
2017;20804;19,3
2017;20805;21,6
2017;20806;29,2
2017;20807;19,3
2017;20808;26
2017;20810;26
2017;20812;26
2017;20813;62
2017;20815;19,3
2017;20817;40,4
2017;20901;40,3
2017;20905;40,3
2017;20909;17,2
2017;20911;40,3
2017;20912;40,3
2017;20913;33,1
2017;20914;25,7
2017;20918;32,4
2017;20923;59,2
2017;21001;65,5
2017;21002;54,9
2017;21003;27,4
2017;21004;46,2
2017;21005;46,2
2017;21006;112,5
2017;21007;119,4
2017;21008;38,8
2017;21009;67,5
2017;21010;38,8
2017;60101;224,8
2017;60305;42,4
2017;60318;99,1
2017;60323;26,7
2017;60324;44
2017;60326;45,6
2017;60329;30,5
2017;60341;39,3
2017;60344;62,2
2017;60345;26,6
2017;60346;42,4
2017;60347;26,7
2017;60348;48,1
2017;60349;42,4
2017;60350;48,2
2017;60351;26,7
2017;60608;131
2017;60611;116,1
2017;60613;88,1
2017;60617;127,9
2017;60618;80,1
2017;60619;96,3
2017;60623;129,5
2017;60624;101,4
2017;60626;66,2
2017;60628;81
2017;60629;106,9
2017;60632;88,1
2017;60639;66,8
2017;60641;66,8
2017;60642;78,6
2017;60645;74
2017;60646;172,3
2017;60647;66,8
2017;60648;106,1
2017;60651;66,9
2017;60653;89,6
2017;60654;94
2017;60655;76,5
2017;60656;76,5
2017;60659;66,9
2017;60660;75,1
2017;60661;61,3
2017;60662;88,6
2017;60663;66,9
2017;60664;95,7
2017;60665;80,1
2017;60666;55,3
2017;60667;115,3
2017;60668;37,9
2017;60669;158,4
2017;60670;105,9
2017;61001;62,3
2017;61002;20,4
2017;61007;33,5
2017;61008;23,8
2017;61012;67,4
2017;61013;29,3
2017;61016;34,9
2017;61017;42,2
2017;61019;31,9
2017;61020;69,7
2017;61021;44
2017;61024;20,4
2017;61027;41,3
2017;61030;31,9
2017;61032;20,4
2017;61033;41,7
2017;61043;61,3
2017;61045;91,7
2017;61049;43,3
2017;61050;43,3
2017;61051;31,9
2017;61052;45,9
2017;61053;94,7
2017;61054;26
2017;61055;41,3
2017;61056;23,8
2017;61057;23,8
2017;61058;33
2017;61059;62,3
2017;61101;26,4
2017;61105;26,4
2017;61106;55,7
2017;61107;44,9
2017;61108;82,8
2017;61109;26,4
2017;61110;55,7
2017;61111;55,7
2017;61112;26,4
2017;61113;75,7
2017;61114;55,7
2017;61115;44,9
2017;61116;55,7
2017;61118;26,4
2017;61119;26,4
2017;61120;65,2
2017;61203;56,5
2017;61204;144,2
2017;61205;46,1
2017;61206;46,1
2017;61207;144,2
2017;61213;91,2
2017;61215;144,2
2017;61217;133,3
2017;61222;56,5
2017;61236;264,8
2017;61243;45,4
2017;61247;45,4
2017;61251;26,4
2017;61252;56,5
2017;61253;46,1
2017;61254;91,2
2017;61255;84,2
2017;61256;45,4
2017;61257;89,1
2017;61258;26,4
2017;61259;100,4
2017;61260;91,2
2017;61261;77,4
2017;61262;50,9
2017;61263;45,4
2017;61264;46,1
2017;61265;227,9
2017;61266;50,9
2017;61267;56,5
2017;61410;38,3
2017;61413;50,6
2017;61425;42,4
2017;61428;35,8
2017;61437;35,8
2017;61438;102,2
2017;61439;38,3
2017;61440;83,2
2017;61441;35,8
2017;61442;115,2
2017;61443;38,3
2017;61444;50,6
2017;61445;115,2
2017;61446;50,6
2017;61611;48,4
2017;61612;46
2017;61615;46
2017;61618;64,2
2017;61621;48,4
2017;61624;48,9
2017;61625;65,8
2017;61626;53,6
2017;61627;31,8
2017;61628;25,8
2017;61629;31,8
2017;61630;25,8
2017;61631;48,6
2017;61632;48,6
2017;61633;49,7
2017;61701;60,3
2017;61708;25,7
2017;61710;27,6
2017;61711;27,3
2017;61716;17,4
2017;61719;55
2017;61727;55,1
2017;61728;20,2
2017;61729;45,7
2017;61730;65,8
2017;61731;40,3
2017;61740;27,6
2017;61741;25,7
2017;61743;25,7
2017;61744;25,7
2017;61745;27,3
2017;61746;43,1
2017;61748;29,2
2017;61750;20,2
2017;61751;40,3
2017;61756;31,1
2017;61757;20,2
2017;61758;27,3
2017;61759;16,7
2017;61760;55
2017;61761;40,3
2017;61762;21,2
2017;61763;31,9
2017;61764;30
2017;61765;32,6
2017;61766;87,1
2017;62007;43,8
2017;62008;46
2017;62010;82,4
2017;62014;47,7
2017;62021;18,9
2017;62026;27
2017;62032;48,4
2017;62034;46
2017;62036;43,9
2017;62038;39,8
2017;62039;52,4
2017;62040;63,7
2017;62041;82,4
2017;62042;36,7
2017;62043;36,7
2017;62044;18,9
2017;62045;40,4
2017;62046;38
2017;62047;61,7
2017;62048;48
2017;62105;45,7
2017;62115;53,7
2017;62116;64,3
2017;62125;45,7
2017;62128;94,1
2017;62131;45,6
2017;62132;45,7
2017;62135;32,5
2017;62138;48,3
2017;62139;100,6
2017;62140;61
2017;62141;61,3
2017;62142;50,7
2017;62143;64,3
2017;62144;35,7
2017;62145;56,8
2017;62146;94,1
2017;62147;28,3
2017;62148;28,3
2017;62202;19,8
2017;62205;18,6
2017;62206;19,8
2017;62209;18,6
2017;62211;25,7
2017;62214;25,2
2017;62216;17,1
2017;62219;44,7
2017;62220;41,6
2017;62226;23,5
2017;62232;14,2
2017;62233;28,8
2017;62235;21,4
2017;62242;22,4
2017;62244;24,1
2017;62245;22,4
2017;62247;24,5
2017;62252;25,9
2017;62256;27,2
2017;62262;22,4
2017;62264;27,6
2017;62265;25,7
2017;62266;21,3
2017;62267;31,2
2017;62268;24,4
2017;62269;19,3
2017;62270;17,1
2017;62271;30,2
2017;62272;27,2
2017;62273;25,9
2017;62274;19,8
2017;62275;25,9
2017;62276;14,4
2017;62277;23,7
2017;62278;22,4
2017;62279;22,4
2017;62311;18,7
2017;62314;18,7
2017;62326;26,4
2017;62330;12,2
2017;62332;15,5
2017;62335;26,4
2017;62343;12,2
2017;62347;19,5
2017;62368;26,4
2017;62372;21,4
2017;62375;24,1
2017;62376;20,9
2017;62377;12,2
2017;62378;21,4
2017;62379;34,9
2017;62380;16,4
2017;62381;30,2
2017;62382;25,4
2017;62383;21,2
2017;62384;25,9
2017;62385;30,2
2017;62386;18,1
2017;62387;15,5
2017;62388;12,2
2017;62389;25,9
2017;62390;15,7
2018;20101;142,6
2018;20201;125
2018;20302;36,5
2018;20305;59,7
2018;20306;36,5
2018;20307;63,8
2018;20316;36,5
2018;20320;36,5
2018;20321;36,5
2018;20402;69,5
2018;20403;40,9
2018;20405;59,2
2018;20409;48,9
2018;20412;98,4
2018;20414;62,6
2018;20415;165
2018;20416;40,9
2018;20417;78,9
2018;20418;93
2018;20419;195,6
2018;20421;73,5
2018;20424;182,9
2018;20425;53,1
2018;20428;31,4
2018;20432;59,2
2018;20435;73,5
2018;20441;31,4
2018;20442;48,3
2018;20501;50,2
2018;20502;36,9
2018;20503;27,4
2018;20504;36,9
2018;20505;36,5
2018;20506;27,4
2018;20508;39
2018;20509;39,5
2018;20511;39,5
2018;20512;36,9
2018;20513;36,9
2018;20515;44,6
2018;20518;27,4
2018;20519;39,5
2018;20520;39,4
2018;20523;65,6
2018;20527;81,8
2018;20530;39,4
2018;20531;27,4
2018;20534;69,5
2018;20601;148,7
2018;20602;55,5
2018;20603;49,2
2018;20604;49,2
2018;20605;47,8
2018;20607;47,8
2018;20608;42,6
2018;20609;42,6
2018;20610;47,8
2018;20611;49,2
2018;20613;42,6
2018;20616;55,5
2018;20618;47,8
2018;20619;47,8
2018;20620;113,7
2018;20622;47,8
2018;20624;33,2
2018;20625;49,2
2018;20627;33,2
2018;20630;61,6
2018;20631;47,8
2018;20632;42,6
2018;20633;42,6
2018;20634;96,7
2018;20635;89
2018;20636;47,8
2018;20637;42,6
2018;20638;42,6
2018;20639;252,8
2018;20640;47,8
2018;20642;42,6
2018;20643;58,4
2018;20644;33,2
2018;20701;48,2
2018;20702;57,9
2018;20703;41,6
2018;20705;47,5
2018;20707;47,5
2018;20708;48,2
2018;20710;48,2
2018;20711;80,1
2018;20712;48,2
2018;20713;35,4
2018;20719;47,5
2018;20720;48,2
2018;20721;45,8
2018;20722;45,8
2018;20723;48,2
2018;20724;74,9
2018;20725;71,6
2018;20726;48,2
2018;20727;66,5
2018;20801;28,1
2018;20802;41,8
2018;20803;38,1
2018;20804;21,1
2018;20805;23,4
2018;20806;31,4
2018;20807;21,1
2018;20808;41,8
2018;20810;21,6
2018;20812;21,6
2018;20813;65
2018;20815;21,1
2018;20817;50,8
2018;20901;37,6
2018;20905;37,6
2018;20909;16,8
2018;20911;37,6
2018;20912;37,6
2018;20913;33,8
2018;20914;25,9
2018;20918;30,9
2018;20923;61,7
2018;21001;64,6
2018;21002;55,5
2018;21003;27,1
2018;21004;45,1
2018;21005;45,1
2018;21006;112,3
2018;21007;107,3
2018;21008;39,7
2018;21009;69,8
2018;21010;39,7
2018;60101;273,4
2018;60305;47,5
2018;60318;96,3
2018;60323;27,1
2018;60324;41,8
2018;60326;47,6
2018;60329;29,2
2018;60341;38,6
2018;60344;60,3
2018;60345;26,9
2018;60346;47,5
2018;60347;27,1
2018;60348;47,2
2018;60349;47,5
2018;60350;48,3
2018;60351;27,1
2018;60608;127,7
2018;60611;115,6
2018;60613;91,1
2018;60617;134,1
2018;60618;83
2018;60619;100
2018;60623;125,3
2018;60624;103,7
2018;60626;68,6
2018;60628;77,4
2018;60629;106,2
2018;60632;91,1
2018;60639;65,1
2018;60641;65,1
2018;60642;81,4
2018;60645;70
2018;60646;171,2
2018;60647;65,1
2018;60648;104,1
2018;60651;67,7
2018;60653;87,4
2018;60654;97,5
2018;60655;79,7
2018;60656;79,7
2018;60659;67,7
2018;60660;75,9
2018;60661;64,3
2018;60662;84,8
2018;60663;67,7
2018;60664;90,9
2018;60665;83
2018;60666;52,3
2018;60667;113,9
2018;60668;36,1
2018;60669;153,1
2018;60670;105,4
2018;61001;62,9
2018;61002;24,1
2018;61007;37,2
2018;61008;25,2
2018;61012;69,7
2018;61013;31,1
2018;61016;38,6
2018;61017;44
2018;61019;34,2
2018;61020;72
2018;61021;55
2018;61024;24,1
2018;61027;42,1
2018;61030;34,2
2018;61032;24,1
2018;61033;46
2018;61043;65,6
2018;61045;97,2
2018;61049;44,8
2018;61050;44,8
2018;61051;34,2
2018;61052;47,1
2018;61053;95,2
2018;61054;27
2018;61055;42,1
2018;61056;25,2
2018;61057;25,2
2018;61058;34,9
2018;61059;62,9
2018;61101;25,4
2018;61105;25,4
2018;61106;54,8
2018;61107;39,7
2018;61108;70,4
2018;61109;25,4
2018;61110;54,8
2018;61111;54,8
2018;61112;25,4
2018;61113;66,9
2018;61114;54,8
2018;61115;39,7
2018;61116;54,8
2018;61118;25,4
2018;61119;25,4
2018;61120;54,8
2018;61203;64,2
2018;61204;152,7
2018;61205;48,2
2018;61206;48,2
2018;61207;152,7
2018;61213;93,9
2018;61215;152,7
2018;61217;135,4
2018;61222;64,2
2018;61236;268,5
2018;61243;48,2
2018;61247;48,2
2018;61251;25,4
2018;61252;64,2
2018;61253;48,2
2018;61254;93,9
2018;61255;87,3
2018;61256;48,2
2018;61257;93,4
2018;61258;25,4
2018;61259;106,2
2018;61260;93,9
2018;61261;79,1
2018;61262;58,9
2018;61263;48,2
2018;61264;48,2
2018;61265;238,5
2018;61266;58,9
2018;61267;64,2
2018;61410;35,3
2018;61413;57
2018;61425;35
2018;61428;35
2018;61437;35
2018;61438;100,6
2018;61439;35,3
2018;61440;57
2018;61441;35
2018;61442;117,6
2018;61443;35,3
2018;61444;57
2018;61445;117,6
2018;61446;57
2018;61611;52,6
2018;61612;52,2
2018;61615;52,2
2018;61618;70,4
2018;61621;52,6
2018;61624;53,8
2018;61625;72,2
2018;61626;61,4
2018;61627;34,7
2018;61628;28,1
2018;61629;34,7
2018;61630;28,1
2018;61631;52,1
2018;61632;52,1
2018;61633;56,3
2018;61701;72,5
2018;61708;28,7
2018;61710;31,4
2018;61711;30,6
2018;61716;19,3
2018;61719;65,1
2018;61727;62,4
2018;61728;20,9
2018;61729;46,6
2018;61730;73,4
2018;61731;46,3
2018;61740;31,4
2018;61741;28,7
2018;61743;28,7
2018;61744;28,7
2018;61745;30,6
2018;61746;48
2018;61748;31,3
2018;61750;20,9
2018;61751;46,3
2018;61756;36,7
2018;61757;20,9
2018;61758;30,6
2018;61759;17,9
2018;61760;65,1
2018;61761;46,3
2018;61762;21,5
2018;61763;34,7
2018;61764;35,4
2018;61765;35,7
2018;61766;103,2
2018;62007;44,9
2018;62008;44,9
2018;62010;81,3
2018;62014;48,3
2018;62021;19,6
2018;62026;29,7
2018;62032;50,4
2018;62034;44,9
2018;62036;42,7
2018;62038;42,2
2018;62039;52,1
2018;62040;62,7
2018;62041;81,3
2018;62042;36,4
2018;62043;35,3
2018;62044;19,6
2018;62045;46
2018;62046;39,8
2018;62047;61,7
2018;62048;49,5
2018;62105;46,8
2018;62115;52,5
2018;62116;56
2018;62125;46,8
2018;62128;90,9
2018;62131;43,2
2018;62132;46,8
2018;62135;32,3
2018;62138;41,7
2018;62139;100
2018;62140;58
2018;62141;56,9
2018;62142;43,2
2018;62143;56
2018;62144;35
2018;62145;57,5
2018;62146;87,7
2018;62147;28,9
2018;62148;28,9
2018;62202;19,6
2018;62205;20,7
2018;62206;19,6
2018;62209;20,7
2018;62211;26,9
2018;62214;27,5
2018;62216;18,1
2018;62219;54,8
2018;62220;44,8
2018;62226;25
2018;62232;15,3
2018;62233;30,1
2018;62235;18,6
2018;62242;21,5
2018;62244;25,6
2018;62245;21,5
2018;62247;27,3
2018;62252;27,5
2018;62256;29,1
2018;62262;21,5
2018;62264;27,6
2018;62265;26,9
2018;62266;22,2
2018;62267;35,9
2018;62268;27,3
2018;62269;19,9
2018;62270;18,1
2018;62271;29,7
2018;62272;29,1
2018;62273;27,5
2018;62274;19,6
2018;62275;29,1
2018;62276;15,9
2018;62277;25,5
2018;62278;21,5
2018;62279;21,5
2018;62311;19
2018;62314;19
2018;62326;23,6
2018;62330;13
2018;62332;15,4
2018;62335;23,6
2018;62343;13
2018;62347;20,1
2018;62368;23,6
2018;62372;21,7
2018;62375;29,1
2018;62376;32,5
2018;62377;13
2018;62378;21,7
2018;62379;38,7
2018;62380;16,3
2018;62381;31
2018;62382;28,4
2018;62383;24,8
2018;62384;26,2
2018;62385;31
2018;62386;19,1
2018;62387;15,4
2018;62388;13
2018;62389;26,2
2018;62390;16,2
2019;20101;129,9
2019;20201;147
2019;20302;36,5
2019;20305;61,8
2019;20306;36,5
2019;20307;63,2
2019;20316;36,5
2019;20320;36,5
2019;20321;36,5
2019;20402;71,9
2019;20403;44,2
2019;20405;58,2
2019;20409;54,5
2019;20412;100,9
2019;20414;63
2019;20415;178,1
2019;20416;44,2
2019;20417;85,6
2019;20418;100,4
2019;20419;162,7
2019;20421;75,9
2019;20424;185,6
2019;20425;56,5
2019;20428;32,1
2019;20432;61,8
2019;20435;75,9
2019;20441;32,1
2019;20442;53,8
2019;20501;51,6
2019;20502;38,3
2019;20503;28,7
2019;20504;38,3
2019;20505;38,6
2019;20506;28,7
2019;20508;39,9
2019;20509;41,6
2019;20511;41,6
2019;20512;38,3
2019;20513;38,3
2019;20515;48,7
2019;20518;28,7
2019;20519;41,6
2019;20520;37,2
2019;20523;69,7
2019;20527;75,8
2019;20530;37,2
2019;20531;28,7
2019;20534;73,8
2019;20601;148,9
2019;20602;54
2019;20603;50,4
2019;20604;50,4
2019;20605;46,8
2019;20607;46,8
2019;20608;47,2
2019;20609;39,8
2019;20610;46,8
2019;20611;75,1
2019;20613;39,8
2019;20616;54
2019;20618;46,8
2019;20619;46,8
2019;20620;103,2
2019;20622;46,8
2019;20624;37,5
2019;20625;50,4
2019;20627;37,5
2019;20630;67
2019;20631;46,8
2019;20632;47,2
2019;20633;39,8
2019;20634;90
2019;20635;73
2019;20636;46,8
2019;20637;39,8
2019;20638;47,2
2019;20639;319,1
2019;20640;46,8
2019;20642;47,2
2019;20643;56,5
2019;20644;37,5
2019;20701;46,5
2019;20702;55,7
2019;20703;35,2
2019;20705;48,4
2019;20707;48,4
2019;20708;46,5
2019;20710;46,5
2019;20711;76,4
2019;20712;46,5
2019;20713;26,9
2019;20719;48,4
2019;20720;46,5
2019;20721;46,5
2019;20722;46,5
2019;20723;46,5
2019;20724;70,9
2019;20725;64,8
2019;20726;46,5
2019;20727;67,1
2019;20801;27,6
2019;20802;38,8
2019;20803;38,8
2019;20804;20,6
2019;20805;25,3
2019;20806;32,1
2019;20807;20,6
2019;20808;38,8
2019;20810;23,2
2019;20812;23,2
2019;20813;58,6
2019;20815;20,6
2019;20817;50,6
2019;20901;49,9
2019;20905;49,9
2019;20909;18,7
2019;20911;35,4
2019;20912;35,4
2019;20913;40,3
2019;20914;29
2019;20918;33,8
2019;20923;69,7
2019;21001;63,9
2019;21002;56,6
2019;21003;28,3
2019;21004;47,9
2019;21005;47,9
2019;21006;87,1
2019;21007;79
2019;21008;39,8
2019;21009;70,2
2019;21010;39,8
2019;60101;246,3
2019;60305;44
2019;60318;93,9
2019;60323;25,3
2019;60324;38
2019;60326;45,6
2019;60329;26,4
2019;60341;34,8
2019;60344;56,9
2019;60345;27,1
2019;60346;44
2019;60347;25,3
2019;60348;51,9
2019;60349;44
2019;60350;45,5
2019;60351;25,3
2019;60608;139,1
2019;60611;113,2
2019;60613;89,8
2019;60617;134,6
2019;60618;82,3
2019;60619;101,3
2019;60623;150
2019;60624;115,1
2019;60626;73,9
2019;60628;77,5
2019;60629;104,8
2019;60632;89,8
2019;60639;62,8
2019;60641;62,8
2019;60642;88,1
2019;60645;64
2019;60646;189,6
2019;60647;62,8
2019;60648;128
2019;60651;63,1
2019;60653;90,2
2019;60654;106,9
2019;60655;88,6
2019;60656;88,6
2019;60659;63,1
2019;60660;92,5
2019;60661;72,3
2019;60662;89
2019;60663;63,1
2019;60664;94,1
2019;60665;82,3
2019;60666;64,3
2019;60667;116
2019;60668;38,4
2019;60669;158,8
2019;60670;115,8
2019;61001;72,7
2019;61002;25,1
2019;61007;44
2019;61008;33,4
2019;61012;79,3
2019;61013;33,8
2019;61016;30,9
2019;61017;49,7
2019;61019;34,6
2019;61020;71,4
2019;61021;56,8
2019;61024;25,1
2019;61027;46,3
2019;61030;34,6
2019;61032;25,1
2019;61033;42,6
2019;61043;68,6
2019;61045;103,7
2019;61049;47,5
2019;61050;47,5
2019;61051;34,6
2019;61052;53,7
2019;61053;88,6
2019;61054;29,3
2019;61055;46,3
2019;61057;33,4
2019;61059;72,7
2019;61060;33,4
2019;61061;26
2019;61101;28,5
2019;61105;28,5
2019;61106;60,1
2019;61107;45,9
2019;61108;74,5
2019;61109;28,5
2019;61110;60,1
2019;61111;60,1
2019;61112;28,5
2019;61113;75,2
2019;61114;60,1
2019;61115;45,9
2019;61116;60,1
2019;61118;28,5
2019;61119;28,5
2019;61120;60,1
2019;61203;63,2
2019;61204;141,5
2019;61205;47,7
2019;61206;47,7
2019;61207;141,5
2019;61213;86,6
2019;61215;141,5
2019;61217;134,9
2019;61222;63,2
2019;61236;235,2
2019;61243;51,3
2019;61247;51,3
2019;61251;28,5
2019;61252;63,2
2019;61253;47,7
2019;61254;86,6
2019;61255;85
2019;61256;51,3
2019;61257;83,9
2019;61258;28,5
2019;61259;80,1
2019;61260;86,6
2019;61261;76,4
2019;61262;62,7
2019;61263;51,3
2019;61264;47,7
2019;61265;235,3
2019;61266;62,7
2019;61267;63,2
2019;61410;34
2019;61413;48,6
2019;61425;31,3
2019;61428;31,3
2019;61437;31,3
2019;61438;85,1
2019;61439;34
2019;61440;48,6
2019;61441;31,3
2019;61442;105,8
2019;61443;34
2019;61444;48,6
2019;61445;105,8
2019;61446;48,6
2019;61611;53,4
2019;61612;51,3
2019;61615;51,3
2019;61618;70,3
2019;61621;53,4
2019;61624;51,7
2019;61625;62,9
2019;61626;60
2019;61627;36,8
2019;61628;27,6
2019;61629;36,8
2019;61630;27,6
2019;61631;51,3
2019;61632;51,3
2019;61633;54,5
2019;61701;68,8
2019;61708;26,2
2019;61710;33,5
2019;61711;31,9
2019;61716;20,7
2019;61719;60,3
2019;61727;55,8
2019;61728;23
2019;61729;45,7
2019;61730;84,4
2019;61731;46
2019;61740;33,5
2019;61741;26,2
2019;61743;26,2
2019;61744;26,2
2019;61745;31,9
2019;61746;46
2019;61748;32,5
2019;61750;23
2019;61751;46
2019;61756;35,2
2019;61757;23
2019;61758;31,9
2019;61759;17,7
2019;61760;60,3
2019;61761;46
2019;61762;20,4
2019;61763;37,8
2019;61764;26,9
2019;61765;36,7
2019;61766;114,3
2019;62007;51,3
2019;62008;49,7
2019;62010;86,7
2019;62014;65,4
2019;62021;22
2019;62026;30,4
2019;62032;53,4
2019;62034;49,7
2019;62036;44,9
2019;62038;45,8
2019;62039;54,1
2019;62040;68
2019;62041;86,7
2019;62042;35,7
2019;62043;36,9
2019;62044;22
2019;62045;49,1
2019;62046;44,4
2019;62047;66,9
2019;62048;54,2
2019;62105;48,5
2019;62115;56,2
2019;62116;57,5
2019;62125;48,5
2019;62128;94,9
2019;62131;43,1
2019;62132;48,5
2019;62135;36
2019;62138;49
2019;62139;87
2019;62140;59,8
2019;62141;57,6
2019;62142;43,8
2019;62143;57,5
2019;62144;35,9
2019;62145;46,3
2019;62146;99,3
2019;62147;31,6
2019;62148;31,6
2019;62202;19,4
2019;62205;21,7
2019;62206;19,4
2019;62209;21,7
2019;62211;25,9
2019;62214;27,2
2019;62216;17,3
2019;62219;51,5
2019;62220;41
2019;62226;25,4
2019;62232;17,5
2019;62233;29,1
2019;62235;12,7
2019;62242;21,3
2019;62244;23,8
2019;62245;21,3
2019;62247;27,7
2019;62252;25,6
2019;62256;29,1
2019;62262;21,3
2019;62264;27,4
2019;62265;25,9
2019;62266;21,5
2019;62267;35,8
2019;62268;23,6
2019;62269;17,6
2019;62270;17,3
2019;62271;29
2019;62272;29,1
2019;62273;25,6
2019;62274;19,4
2019;62275;30,6
2019;62276;16,2
2019;62277;20,3
2019;62278;21,3
2019;62279;21,3
2019;62311;23,7
2019;62314;23,7
2019;62326;25,2
2019;62330;13,1
2019;62332;15,9
2019;62335;25,2
2019;62343;13,1
2019;62368;25,2
2019;62372;22,9
2019;62375;32,8
2019;62376;39,1
2019;62377;13,1
2019;62378;22,9
2019;62379;35,7
2019;62380;16,9
2019;62381;35,3
2019;62382;29,6
2019;62383;27,9
2019;62384;27,8
2019;62385;35,3
2019;62386;18,9
2019;62387;15,9
2019;62388;13,1
2019;62389;27,8
2019;62390;17,6
2020;20101;138,9
2020;20201;144,1
2020;20302;37
2020;20305;54,9
2020;20306;37
2020;20307;56,6
2020;20316;37
2020;20320;37
2020;20321;37
2020;20402;78,2
2020;20403;42
2020;20405;57,3
2020;20409;58
2020;20412;100,9
2020;20414;65
2020;20415;200,4
2020;20416;42
2020;20417;74,8
2020;20418;94
2020;20419;127
2020;20421;77,1
2020;20424;215,5
2020;20425;55,5
2020;20428;30,4
2020;20432;61,6
2020;20435;77,1
2020;20441;30,4
2020;20442;56,4
2020;20501;55,7
2020;20502;40
2020;20503;31,4
2020;20504;40
2020;20505;36,4
2020;20506;31,4
2020;20508;41,3
2020;20509;43,7
2020;20511;43,7
2020;20512;40
2020;20513;40
2020;20515;50,6
2020;20518;31,4
2020;20519;43,7
2020;20520;38,7
2020;20523;75,1
2020;20527;72,2
2020;20530;38,7
2020;20531;31,4
2020;20534;76,3
2020;20601;143,2
2020;20602;57
2020;20603;48,6
2020;20604;48,6
2020;20605;48,1
2020;20607;48,1
2020;20608;49,5
2020;20609;40,6
2020;20610;48,1
2020;20611;75,3
2020;20613;40,6
2020;20616;57
2020;20618;48,1
2020;20619;48,1
2020;20620;102,2
2020;20622;48,1
2020;20624;39,7
2020;20625;48,6
2020;20627;39,7
2020;20630;71
2020;20631;48,1
2020;20632;49,5
2020;20633;40,6
2020;20634;96,3
2020;20635;72,8
2020;20636;48,1
2020;20637;40,6
2020;20638;49,5
2020;20639;259
2020;20640;48,1
2020;20642;49,5
2020;20643;58,1
2020;20644;39,7
2020;20701;49
2020;20702;58,6
2020;20703;34,2
2020;20705;45,6
2020;20707;45,6
2020;20708;49
2020;20710;49
2020;20711;77,1
2020;20712;49
2020;20713;28,8
2020;20719;45,6
2020;20720;49
2020;20721;47,7
2020;20722;47,7
2020;20723;49
2020;20724;78,5
2020;20725;71,7
2020;20726;49
2020;20727;73,7
2020;20801;28,6
2020;20802;42,5
2020;20803;39,7
2020;20804;21,7
2020;20805;26,5
2020;20806;30,4
2020;20807;21,7
2020;20808;42,5
2020;20810;23,3
2020;20812;23,3
2020;20813;64,3
2020;20815;21,7
2020;20817;50,7
2020;20901;61,7
2020;20905;61,7
2020;20909;21,7
2020;20911;33
2020;20912;33
2020;20913;43,2
2020;20914;31,2
2020;20918;33,6
2020;20923;70,1
2020;21001;64,3
2020;21002;58
2020;21003;28,3
2020;21004;45,6
2020;21005;45,6
2020;21006;86,4
2020;21007;70,7
2020;21008;39
2020;21009;81,7
2020;21010;39
2020;60101;267,5
2020;60305;46,5
2020;60318;100,4
2020;60323;25,4
2020;60324;40,2
2020;60326;51,8
2020;60329;33,8
2020;60341;34,2
2020;60344;56,8
2020;60345;26,5
2020;60346;46,5
2020;60347;25,4
2020;60348;61
2020;60349;46,5
2020;60350;50
2020;60351;25,4
2020;60608;157,8
2020;60611;124,4
2020;60613;93,8
2020;60617;149,5
2020;60618;88,9
2020;60619;107,8
2020;60623;171
2020;60624;126
2020;60626;79,5
2020;60628;98,1
2020;60629;118,4
2020;60632;93,8
2020;60639;67,2
2020;60641;67,2
2020;60642;91
2020;60645;61,5
2020;60646;208,4
2020;60647;67,2
2020;60648;134
2020;60651;64,9
2020;60653;99,2
2020;60654;118,9
2020;60655;93,8
2020;60656;93,8
2020;60659;64,9
2020;60660;97,3
2020;60661;80
2020;60662;101,6
2020;60663;64,9
2020;60664;104,3
2020;60665;88,9
2020;60666;69,6
2020;60667;124,1
2020;60668;39,7
2020;60669;173,9
2020;60670;133,2
2020;61001;78,6
2020;61002;24,9
2020;61007;49,3
2020;61008;36
2020;61012;88,7
2020;61013;34,5
2020;61016;31,8
2020;61017;55,8
2020;61019;37,3
2020;61020;74,5
2020;61021;64,3
2020;61024;24,9
2020;61027;47,2
2020;61030;37,3
2020;61032;24,9
2020;61033;49
2020;61043;77
2020;61045;113,7
2020;61049;52,6
2020;61050;52,6
2020;61051;37,3
2020;61052;51,7
2020;61053;93,6
2020;61054;32,7
2020;61055;47,2
2020;61057;36
2020;61059;78,6
2020;61060;36
2020;61061;28,8
2020;61101;27,7
2020;61105;27,7
2020;61106;62,2
2020;61107;43,5
2020;61108;71,4
2020;61109;27,7
2020;61110;62,2
2020;61111;62,2
2020;61112;27,7
2020;61113;69,9
2020;61114;62,2
2020;61115;43,5
2020;61116;62,2
2020;61118;27,7
2020;61119;27,7
2020;61120;62,2
2020;61203;70,9
2020;61204;252,8
2020;61205;53,2
2020;61206;53,2
2020;61207;128,9
2020;61213;95
2020;61215;128,9
2020;61217;136,2
2020;61222;70,9
2020;61236;266,1
2020;61243;53,2
2020;61247;53,2
2020;61251;27,7
2020;61252;70,9
2020;61253;53,2
2020;61254;95
2020;61255;93,4
2020;61256;53,2
2020;61257;91,5
2020;61258;27,7
2020;61259;75,9
2020;61260;95
2020;61261;78,8
2020;61262;68,5
2020;61263;53,2
2020;61264;53,2
2020;61265;248,9
2020;61266;68,5
2020;61267;70,9
2020;61410;41,6
2020;61413;46,7
2020;61425;35,5
2020;61428;35,5
2020;61437;35,5
2020;61438;87,8
2020;61439;41,6
2020;61440;46,7
2020;61441;35,5
2020;61442;138,4
2020;61443;41,6
2020;61444;46,7
2020;61445;138,4
2020;61446;46,7
2020;61611;59,4
2020;61612;54,3
2020;61615;54,3
2020;61618;47,8
2020;61621;59,4
2020;61624;54,3
2020;61625;62,9
2020;61626;72,2
2020;61627;39,4
2020;61628;28,3
2020;61629;39,4
2020;61630;28,3
2020;61631;56,4
2020;61632;56,4
2020;61633;61
2020;61701;70,8
2020;61708;23,2
2020;61710;33,8
2020;61711;33,7
2020;61716;23
2020;61719;63,4
2020;61727;55,7
2020;61728;24,1
2020;61729;49,7
2020;61730;99
2020;61731;51,9
2020;61740;33,8
2020;61741;23,2
2020;61743;23,2
2020;61744;23,2
2020;61745;33,7
2020;61746;45,3
2020;61748;35,6
2020;61750;24,1
2020;61751;51,9
2020;61756;35
2020;61757;24,1
2020;61758;33,7
2020;61759;22
2020;61760;63,4
2020;61761;38
2020;61762;24,7
2020;61763;38
2020;61764;29,7
2020;61765;40,9
2020;61766;112,4
2020;62007;54,4
2020;62008;52,5
2020;62010;72,5
2020;62014;70,5
2020;62021;24
2020;62026;31,5
2020;62032;51
2020;62034;52,5
2020;62036;48,8
2020;62038;45,7
2020;62039;54,3
2020;62040;75,8
2020;62041;80,8
2020;62042;37,2
2020;62043;40
2020;62044;24
2020;62045;50,9
2020;62046;42,6
2020;62047;68,9
2020;62048;56,1
2020;62105;50,9
2020;62115;56,6
2020;62116;55,7
2020;62125;50,9
2020;62128;105,3
2020;62131;35,4
2020;62132;50,9
2020;62135;40,8
2020;62138;44,9
2020;62139;88,7
2020;62140;60,3
2020;62141;61,7
2020;62142;47,5
2020;62143;55,7
2020;62144;34,4
2020;62145;46,4
2020;62146;69,1
2020;62147;39,3
2020;62148;39,3
2020;62202;20,9
2020;62205;24,5
2020;62206;20,9
2020;62209;24,5
2020;62211;28,3
2020;62214;29,9
2020;62216;19,6
2020;62219;60,3
2020;62220;46,7
2020;62226;27,5
2020;62232;20,7
2020;62233;31,8
2020;62235;14,3
2020;62242;23,8
2020;62244;25,6
2020;62245;23,8
2020;62247;32
2020;62252;30,4
2020;62256;33,5
2020;62262;23,8
2020;62264;33,6
2020;62265;28,3
2020;62266;24,3
2020;62267;41,9
2020;62268;27,4
2020;62269;25,8
2020;62270;19,6
2020;62271;31,5
2020;62272;33,5
2020;62273;30,4
2020;62274;20,9
2020;62275;34,2
2020;62276;19,6
2020;62277;22,3
2020;62278;23,8
2020;62279;23,8
2020;62311;24,8
2020;62314;24,8
2020;62326;24,4
2020;62330;12,7
2020;62332;16,4
2020;62335;24,4
2020;62343;12,7
2020;62368;24,4
2020;62372;24
2020;62375;36,6
2020;62376;43,6
2020;62377;12,7
2020;62378;24
2020;62379;38,1
2020;62380;17,9
2020;62381;36
2020;62382;30,9
2020;62383;28,2
2020;62384;27,5
2020;62385;36
2020;62386;21,1
2020;62387;16,4
2020;62388;12,7
2020;62389;27,5
2020;62390;18
2021;20101;147,3
2021;20201;144
2021;20302;40
2021;20305;64,4
2021;20306;40
2021;20307;56
2021;20316;40
2021;20320;40
2021;20321;40
2021;20402;85,3
2021;20403;45,5
2021;20405;60,6
2021;20409;61,8
2021;20412;110,1
2021;20414;73,2
2021;20415;206,5
2021;20416;45,5
2021;20417;86,6
2021;20418;100,1
2021;20419;140,5
2021;20421;85,9
2021;20424;247
2021;20425;61,1
2021;20428;37,5
2021;20432;70,9
2021;20435;85,9
2021;20441;37,5
2021;20442;65
2021;20501;57,9
2021;20502;41,6
2021;20503;29,3
2021;20504;41,6
2021;20505;41,1
2021;20506;29,3
2021;20508;38,5
2021;20509;49
2021;20511;49
2021;20512;41,6
2021;20513;41,6
2021;20515;61,5
2021;20518;29,3
2021;20519;49
2021;20520;40,5
2021;20523;83,1
2021;20527;87,8
2021;20530;40,5
2021;20531;29,3
2021;20534;87
2021;20601;184,2
2021;20602;59,9
2021;20603;50,6
2021;20604;50,6
2021;20605;50
2021;20607;50
2021;20608;51,1
2021;20609;49,4
2021;20610;50
2021;20611;62,8
2021;20613;37,7
2021;20616;59,9
2021;20618;50
2021;20619;50
2021;20620;140,4
2021;20622;50
2021;20624;44
2021;20625;50,6
2021;20627;44
2021;20630;74,1
2021;20631;50
2021;20632;51,1
2021;20633;37,7
2021;20634;100,7
2021;20635;76,8
2021;20636;50
2021;20637;49,4
2021;20638;51,1
2021;20639;280,9
2021;20640;50
2021;20642;51,1
2021;20643;59,6
2021;20644;44
2021;20701;49
2021;20702;57,6
2021;20703;37,5
2021;20705;45,8
2021;20707;45,8
2021;20708;49
2021;20710;49
2021;20711;86,7
2021;20712;49
2021;20713;31,7
2021;20719;45,8
2021;20720;49
2021;20721;50,8
2021;20722;50,8
2021;20723;49
2021;20724;83
2021;20725;85,3
2021;20726;49
2021;20727;85,1
2021;20801;29,7
2021;20802;40,9
2021;20803;44,1
2021;20804;32
2021;20805;28,4
2021;20806;37,5
2021;20807;32
2021;20808;40,9
2021;20810;25
2021;20812;25
2021;20813;65,4
2021;20815;32
2021;20817;55,1
2021;20901;61,9
2021;20905;61,9
2021;20909;21
2021;20911;33,5
2021;20912;33,5
2021;20913;57,5
2021;20914;33,3
2021;20918;33,6
2021;20923;68,8
2021;21001;71
2021;21002;62,8
2021;21003;33,8
2021;21004;47,8
2021;21005;47,8
2021;21006;197,3
2021;21007;62,6
2021;21008;45,7
2021;21009;86,8
2021;21010;45,7
2021;60101;342,2
2021;60305;55,2
2021;60318;113,2
2021;60323;28,9
2021;60324;45,3
2021;60326;55,2
2021;60329;39
2021;60341;37,6
2021;60344;59,6
2021;60345;28,3
2021;60346;55,2
2021;60347;28,9
2021;60348;87,3
2021;60349;55,2
2021;60350;53,4
2021;60351;28,9
2021;60608;163,8
2021;60611;143,7
2021;60613;99,8
2021;60617;172,5
2021;60618;88,9
2021;60619;117,3
2021;60623;175,6
2021;60624;140,5
2021;60626;79,7
2021;60628;100,5
2021;60629;130,8
2021;60632;99,8
2021;60639;75,2
2021;60641;75,2
2021;60642;90,9
2021;60645;67,7
2021;60646;219,5
2021;60647;75,2
2021;60648;136,1
2021;60651;69,7
2021;60653;99,4
2021;60654;127,3
2021;60655;100,2
2021;60656;100,2
2021;60659;69,7
2021;60660;103,6
2021;60661;85,5
2021;60662;107,3
2021;60663;102
2021;60664;109,7
2021;60665;88,9
2021;60666;72,5
2021;60667;136,4
2021;60668;46,7
2021;60669;210,7
2021;60670;131,6
2021;61001;91,3
2021;61002;31,4
2021;61007;59,6
2021;61008;39,3
2021;61012;86,7
2021;61013;38,7
2021;61016;44,8
2021;61017;67,9
2021;61019;42,7
2021;61020;79,3
2021;61021;65,8
2021;61024;31,4
2021;61027;52,6
2021;61030;42,7
2021;61032;31,4
2021;61033;50,9
2021;61043;90,5
2021;61045;120,3
2021;61049;53,2
2021;61050;53,2
2021;61051;42,7
2021;61052;52,1
2021;61053;112,7
2021;61054;39
2021;61055;52,6
2021;61057;39,3
2021;61059;91,3
2021;61060;38,6
2021;61061;44,7
2021;61101;31,6
2021;61105;31,6
2021;61106;73,3
2021;61107;56
2021;61108;92,9
2021;61109;31,6
2021;61110;73,3
2021;61111;73,3
2021;61112;31,6
2021;61113;71,7
2021;61114;73,3
2021;61115;56
2021;61116;73,3
2021;61118;31,6
2021;61119;31,6
2021;61120;73,3
2021;61203;78,7
2021;61204;284,2
2021;61205;57,3
2021;61206;57,3
2021;61207;134,6
2021;61213;110,4
2021;61215;134,6
2021;61217;189,8
2021;61222;78,7
2021;61236;298,6
2021;61243;60
2021;61247;60
2021;61251;31,6
2021;61252;78,7
2021;61253;57,3
2021;61254;110,4
2021;61255;94,1
2021;61256;60
2021;61257;90,3
2021;61258;31,6
2021;61259;83,4
2021;61260;110,4
2021;61261;78
2021;61262;67,8
2021;61263;60
2021;61264;57,3
2021;61265;272,3
2021;61266;67,8
2021;61267;78,7
2021;61410;45,7
2021;61413;49,9
2021;61425;38,3
2021;61428;38,3
2021;61437;38,3
2021;61438;82,3
2021;61439;45,7
2021;61440;49,9
2021;61441;38,3
2021;61442;99,2
2021;61443;45,7
2021;61444;49,9
2021;61445;99,2
2021;61446;49,9
2021;61611;59,5
2021;61612;57,3
2021;61615;57,3
2021;61618;44,2
2021;61621;59,5
2021;61624;57,8
2021;61625;74,6
2021;61626;83,5
2021;61627;39,5
2021;61628;31
2021;61629;39,5
2021;61630;31
2021;61631;63,2
2021;61632;63,2
2021;61633;67,1
2021;61701;68,7
2021;61708;30
2021;61710;42
2021;61711;38,9
2021;61716;35,1
2021;61719;79,4
2021;61727;73,6
2021;61728;28,5
2021;61729;57,9
2021;61730;100,7
2021;61731;58,4
2021;61740;42
2021;61741;30
2021;61743;30
2021;61744;30
2021;61745;38,9
2021;61746;46,9
2021;61748;38,3
2021;61750;28,5
2021;61751;58,4
2021;61756;38,2
2021;61757;28,5
2021;61758;38,9
2021;61759;26,2
2021;61760;79,4
2021;61761;40,9
2021;61762;31,7
2021;61763;40,9
2021;61764;39,8
2021;61765;46,5
2021;61766;104,8
2021;62007;56,8
2021;62008;57,8
2021;62010;79,2
2021;62014;91
2021;62021;31,8
2021;62026;36,1
2021;62032;57,6
2021;62034;57,8
2021;62036;51
2021;62038;72,7
2021;62039;53,2
2021;62040;76,3
2021;62041;87,5
2021;62042;43,9
2021;62043;46,6
2021;62044;31,8
2021;62045;56
2021;62046;43,7
2021;62047;75,4
2021;62048;73,5
2021;62105;54,3
2021;62115;57,1
2021;62116;59,6
2021;62125;54,3
2021;62128;109,6
2021;62131;41
2021;62132;54,3
2021;62135;46,5
2021;62138;46,1
2021;62139;76,7
2021;62140;67,1
2021;62141;62,5
2021;62142;52,4
2021;62143;59,6
2021;62144;36,5
2021;62145;45,4
2021;62146;104,7
2021;62147;44,5
2021;62148;44,5
2021;62202;24,4
2021;62205;25,9
2021;62206;24,4
2021;62209;25,9
2021;62211;31,1
2021;62214;28,5
2021;62216;19,4
2021;62219;67
2021;62220;45,7
2021;62226;26
2021;62232;21,5
2021;62233;35,7
2021;62235;24,7
2021;62242;28,4
2021;62244;25,5
2021;62245;28,4
2021;62247;32,5
2021;62252;31,3
2021;62256;32
2021;62262;28,4
2021;62264;35,3
2021;62265;31,1
2021;62266;26,1
2021;62267;49,5
2021;62268;28,9
2021;62269;32
2021;62270;19,4
2021;62271;32,6
2021;62272;32
2021;62273;31,3
2021;62274;24,4
2021;62275;47,7
2021;62276;24,8
2021;62277;25,9
2021;62278;28,4
2021;62279;28,4
2021;62311;25,5
2021;62314;25,5
2021;62326;24,2
2021;62330;18,5
2021;62332;19,9
2021;62335;24,2
2021;62343;18,5
2021;62368;24,2
2021;62372;25,2
2021;62375;36,8
2021;62376;43,2
2021;62377;18,5
2021;62378;25,2
2021;62379;38,2
2021;62380;19,4
2021;62381;38,9
2021;62382;34,1
2021;62383;32,5
2021;62384;31,3
2021;62385;38,9
2021;62386;26,4
2021;62387;19,9
2021;62388;18,5
2021;62389;31,3
2021;62390;20,7
2022;20101;164,7
2022;20201;171,7
2022;20302;42
2022;20305;68,1
2022;20306;42
2022;20307;59,7
2022;20316;42
2022;20320;42
2022;20321;42
2022;20402;90,9
2022;20403;51,3
2022;20405;67,3
2022;20409;70,1
2022;20412;114,8
2022;20414;81,8
2022;20415;213,9
2022;20416;51,3
2022;20417;95,5
2022;20418;103,1
2022;20419;147,2
2022;20421;90,1
2022;20424;273
2022;20425;70,4
2022;20428;39
2022;20432;77,9
2022;20435;90,1
2022;20441;39
2022;20442;72,3
2022;20501;62,7
2022;20502;41,6
2022;20503;29
2022;20504;41,6
2022;20505;38,7
2022;20506;29
2022;20508;39,1
2022;20509;47,7
2022;20511;47,7
2022;20512;41,6
2022;20513;41,6
2022;20515;59,9
2022;20518;29
2022;20519;47,7
2022;20520;40,3
2022;20523;79,9
2022;20527;89,2
2022;20530;40,3
2022;20531;29
2022;20534;84,6
2022;20601;195,5
2022;20602;78,6
2022;20603;54,9
2022;20604;54,9
2022;20605;57,4
2022;20607;57,4
2022;20608;58,2
2022;20609;55
2022;20610;57,4
2022;20611;73,2
2022;20613;39,3
2022;20616;78,6
2022;20618;57,4
2022;20619;57,4
2022;20620;182,8
2022;20622;57,4
2022;20624;48,5
2022;20625;54,9
2022;20627;48,5
2022;20630;81,5
2022;20631;57,4
2022;20632;58,2
2022;20633;39,3
2022;20634;113,6
2022;20635;82,7
2022;20636;57,4
2022;20637;55
2022;20638;58,2
2022;20639;362,9
2022;20640;57,4
2022;20642;58,2
2022;20643;61,4
2022;20644;48,5
2022;20701;54,6
2022;20702;76,1
2022;20703;39,5
2022;20705;58,1
2022;20707;58,1
2022;20708;54,6
2022;20710;54,6
2022;20711;105,3
2022;20712;54,6
2022;20713;44,2
2022;20719;58,1
2022;20720;54,6
2022;20721;63,1
2022;20722;63,1
2022;20723;54,6
2022;20724;81,6
2022;20725;99,3
2022;20726;54,6
2022;20727;102,9
2022;20801;35,7
2022;20802;51,2
2022;20803;48,2
2022;20804;34,5
2022;20805;33,9
2022;20806;39
2022;20807;34,5
2022;20808;51,2
2022;20810;27
2022;20812;27
2022;20813;69,8
2022;20815;34,5
2022;20817;59,7
2022;20901;63,9
2022;20905;63,9
2022;20909;23,8
2022;20911;36,3
2022;20912;36,3
2022;20913;64,6
2022;20914;37,1
2022;20918;39,4
2022;20923;88,1
2022;21001;81,4
2022;21002;78,5
2022;21003;45,4
2022;21004;62,1
2022;21005;62,1
2022;21006;244,9
2022;21007;78,3
2022;21008;56,2
2022;21009;115,3
2022;21010;56,2
2022;60101;430,4
2022;60305;66,4
2022;60318;115,3
2022;60323;31,7
2022;60324;47,4
2022;60326;58,8
2022;60329;41,8
2022;60341;37,1
2022;60344;67,6
2022;60345;28,2
2022;60346;66,4
2022;60347;31,7
2022;60348;91,5
2022;60349;66,4
2022;60350;55,8
2022;60351;31,7
2022;60608;219,2
2022;60611;182,7
2022;60613;128,1
2022;60617;217,5
2022;60618;112,7
2022;60619;150,1
2022;60623;184
2022;60624;173,2
2022;60626;94,4
2022;60628;139,4
2022;60629;154,2
2022;60632;128,1
2022;60639;85,9
2022;60641;85,9
2022;60642;91
2022;60645;81,5
2022;60646;248,8
2022;60647;85,9
2022;60648;173,7
2022;60651;84,1
2022;60653;121,8
2022;60654;160
2022;60655;128,2
2022;60656;128,2
2022;60659;84,1
2022;60660;116,8
2022;60661;104
2022;60662;117,8
2022;60663;111,9
2022;60664;143,4
2022;60665;112,7
2022;60666;85,5
2022;60667;185,9
2022;60668;58,3
2022;60669;259,6
2022;60670;185
2022;61001;113
2022;61002;35,8
2022;61007;90,7
2022;61008;40,5
2022;61012;94
2022;61013;47,8
2022;61016;59,8
2022;61017;96,7
2022;61019;48,9
2022;61020;89
2022;61021;77,3
2022;61024;35,8
2022;61027;58,8
2022;61030;48,9
2022;61032;35,8
2022;61033;63,6
2022;61043;106,9
2022;61045;127,5
2022;61049;64
2022;61050;64
2022;61051;48,9
2022;61052;60,1
2022;61053;132,5
2022;61054;45,4
2022;61055;58,8
2022;61057;40,5
2022;61059;113
2022;61060;44
2022;61061;55,5
2022;61101;34,1
2022;61105;34,1
2022;61106;68,9
2022;61107;56,2
2022;61108;106
2022;61109;34,1
2022;61110;68,9
2022;61111;68,9
2022;61112;34,1
2022;61113;91,3
2022;61114;68,9
2022;61115;56,2
2022;61116;68,9
2022;61118;34,1
2022;61119;34,1
2022;61120;68,9
2022;61203;86,5
2022;61204;301,5
2022;61205;65,9
2022;61206;65,9
2022;61207;138,3
2022;61213;134,3
2022;61215;138,3
2022;61217;234,8
2022;61222;86,5
2022;61236;340,4
2022;61243;65,4
2022;61247;65,4
2022;61251;34,1
2022;61252;86,5
2022;61253;65,9
2022;61254;134,3
2022;61255;103
2022;61256;65,4
2022;61257;93
2022;61258;34,1
2022;61259;85,8
2022;61260;134,3
2022;61261;83,6
2022;61262;73,3
2022;61263;65,4
2022;61264;65,9
2022;61265;291,4
2022;61266;73,3
2022;61267;86,5
2022;61410;48,5
2022;61413;50,4
2022;61425;40,7
2022;61428;40,7
2022;61437;40,7
2022;61438;92,4
2022;61439;48,5
2022;61440;50,4
2022;61441;40,7
2022;61442;107,5
2022;61443;48,5
2022;61444;50,4
2022;61445;107,5
2022;61446;50,4
2022;61611;59,6
2022;61612;59,1
2022;61615;59,1
2022;61618;46,8
2022;61621;59,6
2022;61624;67,7
2022;61625;77,3
2022;61626;89,2
2022;61627;42,9
2022;61628;31,1
2022;61629;42,9
2022;61630;31,1
2022;61631;64,6
2022;61632;64,6
2022;61633;73,1
2022;61701;81
2022;61708;33,4
2022;61710;43,9
2022;61711;44,5
2022;61716;42,3
2022;61719;90,2
2022;61727;84,7
2022;61728;34,4
2022;61729;75,4
2022;61730;97,1
2022;61731;67,3
2022;61740;43,9
2022;61741;33,4
2022;61743;33,4
2022;61744;33,4
2022;61745;44,5
2022;61746;52,5
2022;61748;44,4
2022;61750;34,4
2022;61751;67,3
2022;61756;43,3
2022;61757;34,4
2022;61758;44,5
2022;61759;29,9
2022;61760;90,2
2022;61761;46,4
2022;61762;35,7
2022;61763;46,4
2022;61764;48,4
2022;61765;50,6
2022;61766;127,2
2022;62007;57,5
2022;62008;60
2022;62010;83,9
2022;62014;96,5
2022;62021;32,8
2022;62026;39,6
2022;62032;75,6
2022;62034;60
2022;62036;51,7
2022;62038;80
2022;62039;56,2
2022;62040;87,8
2022;62041;96,8
2022;62042;45,8
2022;62043;51,1
2022;62044;32,8
2022;62045;69,3
2022;62046;56,1
2022;62047;73,7
2022;62048;79,8
2022;62105;65,7
2022;62115;63,6
2022;62116;64,5
2022;62125;65,7
2022;62128;118,1
2022;62131;40,7
2022;62132;65,7
2022;62135;60,2
2022;62138;50,1
2022;62139;81,6
2022;62140;72,5
2022;62141;63,7
2022;62142;60,5
2022;62143;64,5
2022;62144;40,7
2022;62145;45,9
2022;62146;110,6
2022;62147;50,8
2022;62148;50,8
2022;62202;28,1
2022;62205;28,4
2022;62206;28,1
2022;62209;28,4
2022;62211;33,3
2022;62214;43,6
2022;62216;22
2022;62219;76,6
2022;62220;48
2022;62226;29,5
2022;62232;23,2
2022;62233;37,2
2022;62235;44,4
2022;62242;28,8
2022;62244;27,9
2022;62245;28,8
2022;62247;35,4
2022;62252;34,2
2022;62256;32,2
2022;62262;28,8
2022;62264;40,5
2022;62265;33,3
2022;62266;29,8
2022;62267;54,6
2022;62268;34
2022;62269;33,8
2022;62270;22
2022;62271;37,5
2022;62272;32,2
2022;62273;34,2
2022;62274;28,1
2022;62275;47,1
2022;62276;31,2
2022;62277;30,1
2022;62278;28,8
2022;62279;28,8
2022;62311;27,7
2022;62314;27,7
2022;62326;29,5
2022;62330;22,8
2022;62332;21,4
2022;62335;29,5
2022;62343;22,8
2022;62368;29,5
2022;62372;22,2
2022;62375;43,1
2022;62376;55,2
2022;62377;22,8
2022;62378;22,2
2022;62379;43
2022;62380;22,3
2022;62381;45
2022;62382;36,5
2022;62383;36,7
2022;62384;31,4
2022;62385;45
2022;62386;29,7
2022;62387;21,4
2022;62388;22,8
2022;62389;31,4
2022;62390;31,7
2023;20101;183,7
2023;20201;200,9
2023;20302;44
2023;20305;71,3
2023;20306;44
2023;20307;62,5
2023;20316;44
2023;20320;44
2023;20321;44
2023;20402;101,6
2023;20403;57,3
2023;20405;76,6
2023;20409;78,6
2023;20412;129,6
2023;20414;86,6
2023;20415;229
2023;20416;57,3
2023;20417;104,8
2023;20418;110,6
2023;20419;171,4
2023;20421;99,7
2023;20424;301,3
2023;20425;82
2023;20428;43,2
2023;20432;87,9
2023;20435;99,7
2023;20441;43,2
2023;20442;81,7
2023;20501;73,7
2023;20502;48
2023;20503;33,3
2023;20504;48
2023;20505;45
2023;20506;33,3
2023;20508;43,5
2023;20509;54,1
2023;20511;54,1
2023;20512;48
2023;20513;48
2023;20515;69,4
2023;20518;33,3
2023;20519;54,1
2023;20520;47,1
2023;20523;94,2
2023;20527;101,7
2023;20530;47,1
2023;20531;33,3
2023;20534;94,4
2023;20601;182,8
2023;20602;76,8
2023;20603;52,3
2023;20604;52,3
2023;20605;55,3
2023;20607;55,3
2023;20608;59,6
2023;20609;54,2
2023;20610;55,3
2023;20611;68,3
2023;20613;37,4
2023;20616;76,8
2023;20618;55,3
2023;20619;55,3
2023;20620;180,2
2023;20622;55,3
2023;20624;47,1
2023;20625;52,3
2023;20627;47,1
2023;20630;75,7
2023;20631;55,3
2023;20632;59,6
2023;20633;37,4
2023;20634;108,7
2023;20635;84,2
2023;20636;55,3
2023;20637;54,2
2023;20638;59,6
2023;20639;358,2
2023;20640;55,3
2023;20642;59,6
2023;20643;59,5
2023;20644;47,1
2023;20701;61,1
2023;20702;84,9
2023;20703;43,6
2023;20705;64,2
2023;20707;64,2
2023;20708;61,1
2023;20710;61,1
2023;20711;119,5
2023;20712;61,1
2023;20713;53
2023;20719;64,2
2023;20720;61,1
2023;20721;71,1
2023;20722;71,1
2023;20723;61,1
2023;20724;93,4
2023;20725;107
2023;20726;61,1
2023;20727;115,5
2023;20801;38,2
2023;20802;56,2
2023;20803;54
2023;20804;38,8
2023;20805;36,6
2023;20806;43,2
2023;20807;38,8
2023;20808;56,2
2023;20810;30,1
2023;20812;30,1
2023;20813;78,1
2023;20815;38,8
2023;20817;62,7
2023;20901;66,6
2023;20905;66,6
2023;20909;24,8
2023;20911;39
2023;20912;39
2023;20913;66,9
2023;20914;39,3
2023;20918;40,8
2023;20923;92,4
2023;21001;88,4
2023;21002;88,5
2023;21003;48,7
2023;21004;65,4
2023;21005;65,4
2023;21006;229,3
2023;21007;82
2023;21008;62
2023;21009;122,5
2023;21010;62
2023;60101;415
2023;60305;73,8
2023;60318;122,4
2023;60323;33,9
2023;60324;54,4
2023;60326;64,9
2023;60329;45,7
2023;60341;39
2023;60344;76,2
2023;60345;31,9
2023;60346;73,8
2023;60347;33,9
2023;60348;100,9
2023;60349;51,8
2023;60350;59,2
2023;60351;33,9
2023;60608;236,4
2023;60611;195,2
2023;60613;127,1
2023;60617;242,6
2023;60618;115,3
2023;60619;150
2023;60623;168,9
2023;60624;184,5
2023;60626;95,1
2023;60628;143,4
2023;60629;159,1
2023;60632;127,1
2023;60639;88,6
2023;60641;88,6
2023;60642;84
2023;60645;82,7
2023;60646;254,5
2023;60647;88,6
2023;60648;161,8
2023;60651;82,6
2023;60653;126,6
2023;60654;186,3
2023;60655;128,4
2023;60656;128,4
2023;60659;82,6
2023;60660;119,3
2023;60661;102,4
2023;60662;120,3
2023;60663;109
2023;60664;149,1
2023;60665;115,3
2023;60666;86,5
2023;60667;197,8
2023;60668;59,5
2023;60669;271,3
2023;60670;194
2023;61001;119,1
2023;61002;36
2023;61007;97,6
2023;61008;43,7
2023;61012;102,8
2023;61013;47,2
2023;61016;58
2023;61017;100,8
2023;61019;51,6
2023;61020;97,3
2023;61021;75,4
2023;61024;36
2023;61027;57,4
2023;61030;51,6
2023;61032;36
2023;61033;63,2
2023;61043;110,8
2023;61045;136
2023;61049;62,6
2023;61050;62,6
2023;61051;51,6
2023;61052;58,8
2023;61053;145,8
2023;61054;47,6
2023;61055;57,4
2023;61057;43,7
2023;61059;119,1
2023;61060;44,7
2023;61061;57,2
2023;61101;33,6
2023;61105;33,6
2023;61106;64,5
2023;61107;60,9
2023;61108;101
2023;61109;33,6
2023;61110;64,5
2023;61111;64,5
2023;61112;33,6
2023;61113;87,6
2023;61114;64,5
2023;61115;60,9
2023;61116;64,5
2023;61118;33,6
2023;61119;33,6
2023;61120;64,5
2023;61203;89,7
2023;61204;389,7
2023;61205;75
2023;61206;75
2023;61207;155,5
2023;61213;153,8
2023;61215;155,5
2023;61217;234,9
2023;61222;89,7
2023;61236;413,2
2023;61243;68,6
2023;61247;68,6
2023;61251;33,6
2023;61252;89,7
2023;61253;75
2023;61254;153,8
2023;61255;111,3
2023;61256;68,6
2023;61257;106,8
2023;61258;33,6
2023;61259;90,8
2023;61260;153,8
2023;61261;84,2
2023;61262;72,5
2023;61263;68,6
2023;61264;75
2023;61265;295,3
2023;61266;72,5
2023;61267;89,7
2023;61410;56,9
2023;61413;58,5
2023;61425;51,7
2023;61428;51,7
2023;61437;51,7
2023;61438;110,6
2023;61439;56,9
2023;61440;58,5
2023;61441;51,7
2023;61442;123
2023;61443;56,9
2023;61444;58,5
2023;61445;123
2023;61446;58,5
2023;61611;60,7
2023;61612;55,6
2023;61615;55,6
2023;61618;44,7
2023;61621;60,7
2023;61624;67,6
2023;61625;76
2023;61626;91,5
2023;61627;42,3
2023;61628;31,6
2023;61629;42,3
2023;61630;31,6
2023;61631;63,8
2023;61632;63,8
2023;61633;75
2023;61701;97,8
2023;61708;33,4
2023;61710;45,3
2023;61711;46,4
2023;61716;43,5
2023;61719;93,5
2023;61727;88
2023;61728;35,3
2023;61729;88,3
2023;61730;101,6
2023;61731;71,5
2023;61740;45,3
2023;61741;33,4
2023;61743;33,4
2023;61744;33,4
2023;61745;46,4
2023;61746;54,7
2023;61748;45,7
2023;61750;35,3
2023;61751;71,5
2023;61756;42,3
2023;61757;35,3
2023;61758;46,4
2023;61759;30
2023;61760;93,5
2023;61761;46
2023;61762;37,8
2023;61763;46
2023;61764;48,5
2023;61765;54,3
2023;61766;129,3
2023;62007;63,9
2023;62008;64,6
2023;62010;91,5
2023;62014;106
2023;62021;36,8
2023;62026;44,1
2023;62032;84,3
2023;62034;64,6
2023;62036;59,6
2023;62038;89,1
2023;62039;64,9
2023;62040;94,5
2023;62041;109,8
2023;62042;54,8
2023;62043;57,1
2023;62044;36,8
2023;62045;77,2
2023;62046;80
2023;62047;88,3
2023;62048;88,8
2023;62105;76,6
2023;62115;68,6
2023;62116;71
2023;62125;76,6
2023;62128;132,2
2023;62131;40,4
2023;62132;76,6
2023;62135;63
2023;62138;58,7
2023;62139;84,2
2023;62140;80,7
2023;62141;68,2
2023;62142;67,3
2023;62143;71
2023;62144;47
2023;62145;47,3
2023;62146;119
2023;62147;54,5
2023;62148;54,5
2023;62202;30
2023;62205;29,6
2023;62206;30
2023;62209;29,6
2023;62211;33,4
2023;62214;45,5
2023;62216;22,2
2023;62219;78,4
2023;62220;46,9
2023;62226;29,9
2023;62232;23
2023;62233;37,7
2023;62235;42,6
2023;62242;28,5
2023;62244;28,2
2023;62245;28,5
2023;62247;35,9
2023;62252;35,6
2023;62256;31,7
2023;62262;28,5
2023;62264;41,5
2023;62265;33,4
2023;62266;30,7
2023;62267;53,9
2023;62268;34,9
2023;62269;33,6
2023;62270;22,2
2023;62271;41,8
2023;62272;31,7
2023;62273;35,6
2023;62274;30
2023;62275;40,5
2023;62276;31,9
2023;62277;30,2
2023;62278;28,5
2023;62279;28,5
2023;62311;32,4
2023;62314;32,4
2023;62326;34,8
2023;62330;25,8
2023;62332;26,3
2023;62335;34,8
2023;62343;25,8
2023;62368;34,8
2023;62372;25,3
2023;62375;47,9
2023;62376;64,4
2023;62377;25,8
2023;62378;25,3
2023;62379;51,5
2023;62380;26,6
2023;62381;50,1
2023;62382;40,6
2023;62383;43,2
2023;62384;36,9
2023;62385;50,1
2023;62386;33,5
2023;62387;26,3
2023;62388;25,8
2023;62389;36,9
2023;62390;35,3
